zipcode,homeOwnersInsurance,floodInsurance,destroyed,floodDamage,roofDamage,tsaEligible,tsaCheckedIn,rentalAssistanceEligible,repairAssistanceEligible,replacementAssistanceEligible,personalPropertyEligible
25826,0.49898369908332824,0.5052784144878387,0.504825097322464,0.5034229397773743,0.5124317765235901,0.4994287431240082,0.5118687391281128,0.499098014831543,0.5032689273357391,0.504576051235199,0.49654780626296996
31000,0.49914326071739196,0.5050574958324432,0.504740172624588,0.5034680604934693,0.5125529944896698,0.4996043860912323,0.5119968116283417,0.4990110695362091,0.5031552612781525,0.5047481894493103,0.49661306142807005
31020,0.4990696370601654,0.5050173699855804,0.5048296630382538,0.5033525824546814,0.5125229597091675,0.49956256747245786,0.5119472742080688,0.49895801544189455,0.5033715546131134,0.5047199964523316,0.4965775966644287
31030,0.4992376983165741,0.5051453530788421,0.5047851204872131,0.503394615650177,0.51267871260643,0.4995261013507843,0.5119427919387818,0.49908921122550964,0.5030354261398315,0.5048182785511017,0.4964535892009735
31050,0.4991232693195343,0.5050824522972107,0.50469411611557,0.5034289181232452,0.5125390112400054,0.49953413009643555,0.5120344817638397,0.49901930093765257,0.5033714473247528,0.5047481119632721,0.496558153629303
31060,0.4989948391914368,0.5051658034324646,0.5048372030258179,0.5034376859664917,0.5124821186065673,0.49950043559074403,0.5119507610797882,0.49902981519699097,0.5033384740352631,0.504740571975708,0.49658275246620176
31063,0.49899478554725646,0.5050321638584137,0.5048438847064972,0.5032522976398468,0.5124806880950927,0.49955080151557923,0.5119890809059143,0.49895544052124025,0.5034689426422119,0.5046593606472015,0.49658233523368833
31123,0.49893541932106017,0.5051118969917298,0.5048192620277405,0.5033616304397583,0.5124744594097137,0.4995294451713562,0.5120345532894135,0.49900545477867125,0.5034785807132721,0.5046234548091888,0.4966794490814209
31135,0.49905675649642944,0.5050718367099762,0.5048071324825287,0.5033233404159546,0.5125851929187775,0.49963809847831725,0.5119511127471924,0.49896580576896665,0.5034421384334564,0.5047583937644958,0.4965581357479095
31185,0.4992660343647003,0.5050681412220002,0.5047176778316498,0.5034641146659851,0.5127025187015534,0.49961878061294557,0.5118936121463775,0.4991087973117828,0.5028412342071533,0.5048588514328003,0.4964902937412262
31200,0.4989073216915131,0.5050881624221801,0.5048397660255433,0.5033296942710876,0.5124882102012634,0.49940199851989747,0.5119713604450226,0.499062305688858,0.5034918665885926,0.5046138107776642,0.4966184914112091
31205,0.49909824728965757,0.5051080048084259,0.5047726094722748,0.5035479664802551,0.512568348646164,0.4995008111000061,0.5120004415512085,0.4990340113639832,0.5033254086971283,0.5047362744808197,0.49661349058151244
31206,0.498970228433609,0.5051171600818634,0.5048116266727447,0.503478717803955,0.5124678492546082,0.49945693612098696,0.5119912624359131,0.49908207058906556,0.5033830165863037,0.5046441495418549,0.49658414125442507
31220,0.4991425037384033,0.5051217555999756,0.5046573758125306,0.5035438716411591,0.5126458644866944,0.4996074616909027,0.5118968904018402,0.49909481406211853,0.5029098987579346,0.5047859907150268,0.4966605484485626
31300,0.49908307790756223,0.5050388634204864,0.5047565162181854,0.5032983303070069,0.5124761402606964,0.49961496591567994,0.5119555413722991,0.4989303231239319,0.5031840145587921,0.5047503650188446,0.4965638279914856
31390,0.49947620630264283,0.5051143765449524,0.5046916425228118,0.5037367582321167,0.5128136038780212,0.49959768652915953,0.511912751197815,0.49926190376281737,0.5025374412536621,0.5048211276531219,0.49649054408073423
31470,0.4996519505977631,0.5052045166492463,0.5046492874622345,0.503808319568634,0.5128936350345612,0.4996444821357727,0.5119475305080414,0.499408495426178,0.5023833870887756,0.5049417555332184,0.49629600048065187
32001,0.4989260137081146,0.5052133977413178,0.5047895967960357,0.5034816205501557,0.5124906659126282,0.49940218329429625,0.5120241940021515,0.49900590181350707,0.5035470724105835,0.5047002375125885,0.496674919128418
32040,0.4990829527378082,0.5051137566566467,0.5048531770706177,0.5034166812896729,0.5125463664531708,0.4995678007602692,0.5119507551193238,0.49906398057937623,0.5033894598484039,0.5047269940376282,0.496640807390213
32230,0.49920107126235963,0.5050934016704559,0.5047717154026031,0.5033130824565888,0.5125563323497773,0.4995126247406006,0.5119440853595734,0.4990642309188843,0.5033142983913421,0.5046564757823944,0.4964797854423523
32460,0.4989369988441467,0.5051019310951232,0.504753440618515,0.5033358454704284,0.5124650657176971,0.499450272321701,0.5119841277599335,0.499028879404068,0.5035682618618011,0.504640793800354,0.4966387152671814
32540,0.4989502191543579,0.5050870537757873,0.5048192381858826,0.5033004581928253,0.5124679446220398,0.4994785308837891,0.5119844973087311,0.4989816188812256,0.5035270690917969,0.5046370327472687,0.4965868294239044
32599,0.49899410605430605,0.5050770521163941,0.5047755718231202,0.5033089399337769,0.5124894678592682,0.49950926899909975,0.5119377791881561,0.49898929595947267,0.5034469783306121,0.5046418905258179,0.49654421210289
32668,0.49905009269714357,0.5050600349903107,0.5047015249729156,0.5034056007862091,0.5125912547111511,0.49952844381332395,0.5120163917541504,0.4990426778793335,0.5031755983829498,0.5047800362110137,0.49652270078659055
32674,0.4988598108291626,0.5050511062145233,0.5047529816627503,0.5034617066383362,0.5124108791351318,0.499502032995224,0.5119289040565491,0.499038302898407,0.5034492373466491,0.5046598076820373,0.49665061235427854
32696,0.4990742802619934,0.5051263749599457,0.5048037350177765,0.5033897161483765,0.512562918663025,0.4994741857051849,0.5119901061058044,0.499073988199234,0.5033918499946595,0.5046610414981842,0.49659767746925354
54231,0.4988991618156433,0.5053374886512756,0.5049209535121918,0.5034282743930817,0.5124041616916657,0.49955188632011416,0.5118305146694183,0.49897411465644836,0.5033594846725464,0.5045696318149566,0.4965550124645233
73099,0.4989237666130066,0.5050748646259308,0.5048336863517762,0.5033326268196106,0.5124647915363312,0.4994968354701996,0.5119546413421631,0.49900445342063904,0.5034409999847412,0.50469069480896,0.49661184549331666
73115,0.49893953204154967,0.5051838457584381,0.5048931300640106,0.5034187257289886,0.5123445093631744,0.4995210349559784,0.5118742406368255,0.4990875542163849,0.5032795488834381,0.5045554637908936,0.4965735673904419
73116,0.4989263594150543,0.5052347183227539,0.5048333704471588,0.5034722030162812,0.5123400926589966,0.49941949248313905,0.5118629515171051,0.4991804718971252,0.5035617768764495,0.5045252323150635,0.4965821385383606
73121,0.49891179203987124,0.5052586853504181,0.5048791527748108,0.5034894585609436,0.512290608882904,0.49939114451408384,0.5118835270404816,0.4991224467754364,0.5034287571907043,0.5044912695884705,0.49647671580314634
73122,0.49914557337760923,0.5052622556686401,0.5047675728797912,0.5036269664764405,0.5124802947044372,0.4991869866847992,0.5120011150836945,0.49932907819747924,0.5034864664077758,0.5045323610305786,0.4964572250843048
74015,0.4991126418113708,0.5052009761333466,0.5047914743423462,0.503398722410202,0.5124967753887176,0.49947608113288877,0.511927193403244,0.49902728796005247,0.5033839106559753,0.5046686887741089,0.49656928777694703
75001,0.4989066421985626,0.5052264332771301,0.5048776388168335,0.503499698638916,0.5122748970985412,0.499386203289032,0.5120066225528717,0.49924265742301943,0.5033082127571106,0.5045459747314454,0.4964423537254333
75002,0.49894792437553404,0.5051062881946564,0.5048475444316864,0.5033234000205994,0.5125198245048523,0.4994683861732483,0.5119334995746613,0.49898783564567567,0.5033795177936554,0.5046744763851165,0.49664169549942017
75003,0.499034059047699,0.5052174389362335,0.5047865271568298,0.5034956514835358,0.5123897433280945,0.49937714338302613,0.5119500696659088,0.49924564361572266,0.503376942873001,0.5045021653175354,0.4964741230010986
75009,0.4990688145160675,0.5051734030246735,0.5048673391342163,0.5034302651882172,0.5124577522277832,0.4994513511657715,0.5119835674762726,0.49898768663406373,0.5034194171428681,0.5046771705150604,0.4966041088104248
75019,0.4990286350250244,0.5053146302700042,0.5048592627048493,0.5033593297004699,0.5123775005340576,0.4993667185306549,0.5119599759578705,0.49912593364715574,0.5033856570720673,0.5046115458011627,0.49656009674072266
75022,0.49900141954421995,0.5053174018859863,0.5049552917480469,0.5035684108734131,0.5123192548751831,0.4994258224964142,0.511923098564148,0.4991877913475037,0.5034382164478302,0.5044823944568634,0.49640909433364866
75035,0.4989392518997192,0.5051424622535705,0.5047400176525116,0.5033217430114746,0.5124002277851105,0.499435567855835,0.5119377553462983,0.49895628690719607,0.5035406589508057,0.50467249751091,0.4965732157230377
75048,0.4990826904773712,0.5052920818328858,0.5049813330173493,0.5036660075187683,0.5122622907161712,0.4994415581226349,0.5118443727493286,0.4992472052574158,0.5033778309822082,0.5044971168041229,0.49632596373558047
75050,0.4989601016044617,0.5053289473056793,0.5048538684844971,0.5036296248435974,0.5123222708702088,0.49941365122795106,0.5119088292121887,0.49917344450950624,0.5034293889999389,0.5044920742511749,0.4963883876800537
75056,0.4989754319190979,0.5054063081741333,0.5048414051532746,0.5040320873260498,0.5119456887245178,0.4992942214012146,0.5118985950946808,0.4992210030555725,0.5032088875770568,0.5043537497520447,0.49608626365661623
75057,0.49910191893577577,0.505230450630188,0.5048343479633332,0.5035921037197113,0.5123178482055664,0.49934579730033873,0.5119926929473877,0.49923851490020754,0.5032605946063995,0.5045251667499542,0.49637998938560485
75065,0.49883230924606325,0.5050494134426117,0.5046982944011689,0.5032888412475586,0.5124672651290894,0.49948897361755373,0.5119465470314026,0.4990139603614807,0.5033591449260711,0.504682719707489,0.49661906957626345
75068,0.4989537298679352,0.5053026139736175,0.5048672199249268,0.503461629152298,0.5123615145683289,0.49955025911331175,0.5119463980197907,0.4991972327232361,0.5033417105674743,0.5044043898582459,0.49645575881004333
75077,0.49891154170036317,0.5050786197185516,0.504780900478363,0.5033403694629669,0.5123515188694,0.49945247173309326,0.5119503319263459,0.498996376991272,0.503511244058609,0.5046656370162964,0.49656540155410767
75078,0.49908301830291746,0.5052169919013977,0.5049371063709259,0.5033883452415466,0.5123479545116425,0.49937819838523867,0.5119979441165924,0.49917630553245546,0.5033602297306061,0.5045660734176636,0.49652568697929383
75081,0.499359256029129,0.5053770661354064,0.5046562075614929,0.5038212299346924,0.5124344408512116,0.49910651445388793,0.5121221661567688,0.49941459894180296,0.503133487701416,0.5047361493110657,0.49615342617034913
75087,0.49901995062828064,0.5052697837352753,0.5048772394657135,0.5034811794757843,0.5123732626438141,0.49931212663650515,0.5119194984436035,0.4991484582424164,0.5034878134727478,0.5045371890068054,0.496468847990036
75089,0.4990469992160797,0.5053224205970764,0.5049305438995362,0.5034911394119262,0.512229996919632,0.49944025874137876,0.511961144208908,0.4991604447364807,0.5033913254737854,0.504427146911621,0.49655529856681824
75094,0.4989127993583679,0.505189847946167,0.5048555374145508,0.5034518122673035,0.5124382317066193,0.4995315849781036,0.5119240701198577,0.49909496307373047,0.5034786283969879,0.5045469880104065,0.49654547572135926
75098,0.49894711971282957,0.5053986430168151,0.5048660039901733,0.5035872519016266,0.5122432231903076,0.4994345963001251,0.5118627309799194,0.49919757843017576,0.503304260969162,0.5044111967086792,0.49640366435050964
75099,0.4988820910453796,0.5052203178405762,0.504881066083908,0.5033722639083862,0.5123719334602356,0.4995667636394501,0.5118053317070007,0.49901415705680846,0.5034492671489715,0.5045905768871307,0.4965138375759125
75104,0.49903435707092286,0.505193418264389,0.5048134565353394,0.5034931600093842,0.512324994802475,0.49924426078796386,0.5120105683803559,0.4990722596645355,0.5034132361412048,0.5045706748962402,0.4965289354324341
75115,0.4990951895713806,0.5052694320678711,0.5047212958335876,0.5035559833049774,0.5123383581638337,0.4993915319442749,0.5120545923709869,0.4991168022155762,0.5032998502254487,0.5045482695102692,0.496464866399765
75137,0.49907407760620115,0.5051127374172211,0.5047643065452576,0.5034140229225159,0.5124113500118256,0.4993858218193054,0.5119526445865631,0.4991413176059723,0.5034429967403412,0.5045761644840241,0.49651792645454407
75141,0.498888224363327,0.505116593837738,0.5048071324825287,0.5033328831195831,0.5124079406261444,0.4994973838329315,0.5119868159294129,0.4990425527095795,0.5035797595977783,0.5046140193939209,0.49665445685386655
75146,0.4990882933139801,0.5051456212997436,0.5047510445117951,0.5034946382045746,0.5124636888504028,0.4993672311306,0.5120216131210327,0.49918010234832766,0.5033792138099671,0.5047467648983002,0.49641820788383484
75154,0.49890894293785093,0.5052270233631134,0.5048051357269288,0.5034535765647888,0.5123521625995636,0.4994287133216858,0.5119099378585815,0.49911451935768125,0.5033703684806824,0.5045923173427582,0.4964846134185791
75172,0.4987650752067566,0.5051432847976685,0.5049137651920319,0.5033499777317048,0.512361752986908,0.4995344340801239,0.5119813621044159,0.49913092255592345,0.5035304605960846,0.5044891953468322,0.4965574562549591
75187,0.4987703800201416,0.5051718533039093,0.5048393607139587,0.5034171581268311,0.5123723208904266,0.49946539402008056,0.5119304478168487,0.4991164684295654,0.5034614264965057,0.5045324981212616,0.4966244101524353
75189,0.49898271560668944,0.5052752077579499,0.504928731918335,0.5035468935966492,0.5123315453529358,0.4994082510471344,0.5119897663593292,0.4991606533527374,0.5034478604793549,0.5045069813728332,0.4964349865913391
75201,0.49890337586402894,0.5053898692131042,0.5048992753028869,0.5039294719696045,0.5120248317718505,0.49953445196151736,0.5118854105472564,0.49926425218582154,0.5030921280384064,0.504122930765152,0.496380215883255
75202,0.4988622546195984,0.5053052127361297,0.504971158504486,0.5035593390464783,0.5122196972370148,0.4995148301124573,0.5117839217185974,0.49907222390174866,0.5032930910587311,0.50445054769516,0.49656291007995607
75205,0.4990143060684204,0.5051065027713776,0.5047942161560058,0.5035179674625396,0.512450635433197,0.4993712306022644,0.5119646549224853,0.4990790367126465,0.5035088121891022,0.5046178758144378,0.4965780735015869
75209,0.4989180564880371,0.5049876868724823,0.5049915373325348,0.5032290935516357,0.5123842775821685,0.4996146857738495,0.5120481729507447,0.4990173697471619,0.5035342693328857,0.5045360326766968,0.4966083288192749
75210,0.49879744052886965,0.5052096426486969,0.5047970652580261,0.5034762442111969,0.5123867154121399,0.49951464533805845,0.5118780195713043,0.4989684522151947,0.5033664286136628,0.5046628296375275,0.4965578198432922
75212,0.49887272119522097,0.5051181614398956,0.5049338638782501,0.5033734858036041,0.5124173700809479,0.4994885802268982,0.5119403421878814,0.4990363955497742,0.5033862292766571,0.5045741260051727,0.4965007722377777
75215,0.4988645434379578,0.5051720201969147,0.5049344182014466,0.5033620893955231,0.5124226808547974,0.49950070977211,0.5119377553462983,0.49898247718811034,0.5034451842308044,0.504555481672287,0.4966449081897736
75216,0.4989115834236145,0.5052662193775177,0.5049623966217041,0.5033843100070954,0.5123791754245758,0.4994551658630371,0.5119048118591308,0.499067085981369,0.5034406363964081,0.5045306384563446,0.4966143786907196
75217,0.49899579882621764,0.5051178693771362,0.5047877132892609,0.5033321142196655,0.5125221371650696,0.4994908273220062,0.5119712054729462,0.4989347457885742,0.5035091161727905,0.5047088921070099,0.4966688334941864
75218,0.4989736020565033,0.5051056265830993,0.5048109292984009,0.5033862233161926,0.512461805343628,0.49954562783241274,0.5119955778121948,0.498974883556366,0.5033057987689972,0.5047005474567413,0.4966407477855682
75219,0.498868727684021,0.5052059412002563,0.5048922657966614,0.5033832788467407,0.5123667299747467,0.4994228959083557,0.5119405448436737,0.4990634322166443,0.5033369898796082,0.5044833779335022,0.49653982520103457
75220,0.4989145040512085,0.505245852470398,0.5048389077186585,0.5034778475761413,0.5123465478420257,0.49942790865898135,0.5119057536125183,0.49907925724983215,0.5034624934196472,0.5044970989227295,0.4965627074241638
75223,0.4989383161067963,0.5050426483154297,0.504836630821228,0.5033486366271973,0.5124581456184387,0.49954612255096437,0.5119783222675324,0.49890687465667727,0.5034545063972473,0.5047286808490753,0.496703040599823
75225,0.49891350865364076,0.5051567256450653,0.5049263775348664,0.5033013701438904,0.5124248385429382,0.499434095621109,0.5119107007980347,0.49900885224342345,0.5034693241119385,0.50464426279068,0.4966036379337311
75230,0.4989656567573547,0.5050966024398804,0.5047962427139282,0.5032587170600891,0.512395179271698,0.49953323006629946,0.5119726777076721,0.4988826811313629,0.5033240020275116,0.5046994805335998,0.49663049578666685
75231,0.49883792400360105,0.5051536798477173,0.5048562586307526,0.5033924758434296,0.5123246550559998,0.4994823932647705,0.5118752777576446,0.4990863263607025,0.5034474015235901,0.5045518219470978,0.49659702777862547
75234,0.49907962083816526,0.5052797615528106,0.5048135697841645,0.5035339176654816,0.5124460875988006,0.49944615364074707,0.5119316101074218,0.4991881728172302,0.5032987534999848,0.5047005593776703,0.4963187873363495
75235,0.4988874077796936,0.5052048623561859,0.5048875570297241,0.5033617675304413,0.5124480962753296,0.4995568633079529,0.511871087551117,0.4990075469017029,0.5033631205558777,0.5046041667461395,0.49664381742477415
75243,0.4989383578300476,0.505040192604065,0.5048405408859253,0.5034655094146728,0.5124590933322907,0.4994891703128815,0.5119520604610444,0.49899274706840513,0.5035180687904358,0.5046067893505096,0.49661765694618226
75246,0.49880801439285277,0.505185467004776,0.5048874855041504,0.5035414159297943,0.5122865259647369,0.4994846284389496,0.5118524551391601,0.49897477626800535,0.5033818542957306,0.5045265913009643,0.4966835916042328
75275,0.49912798404693604,0.5051960945129395,0.504840224981308,0.5035770297050476,0.5124167025089263,0.49934784770011903,0.512065875530243,0.49917548298835757,0.5033822059631348,0.5046148717403411,0.4964514017105103
76013,0.4989724516868591,0.5051454961299896,0.5048577308654785,0.5033102214336396,0.5123482882976532,0.4994974911212921,0.511959707736969,0.49903363585472105,0.5035666286945343,0.5045850872993469,0.49663891196250914
76015,0.49888292551040647,0.5050169408321381,0.5047483325004578,0.5033397197723388,0.5124048173427582,0.4996215283870697,0.5119517743587494,0.49894203543663024,0.5034549295902252,0.5046571671962738,0.4966560363769531
76021,0.499114328622818,0.5053910553455353,0.5046385407447815,0.5040229141712189,0.5128803670406341,0.4988381266593933,0.512074613571167,0.49948025941848756,0.5027218222618103,0.5042595028877258,0.49545698761940005
76028,0.49917704463005064,0.5053011238574981,0.5047434747219086,0.503495728969574,0.5124752879142761,0.49924643635749816,0.5120333075523377,0.49922205209732057,0.5034546732902527,0.5045634686946869,0.4964829504489899
76034,0.4989036560058594,0.5051980197429657,0.5048872828483582,0.5033707082271576,0.5124363839626312,0.49945550560951235,0.5119106948375702,0.49903743863105776,0.5034153819084167,0.5046750962734222,0.4966061770915985
76036,0.4989370882511139,0.5052847564220428,0.5049378156661988,0.5034142971038819,0.5123110413551331,0.49937551021575927,0.5119345366954804,0.4991111755371094,0.5034112453460693,0.504479056596756,0.49654855728149416
76039,0.49905699491500854,0.5053337693214417,0.5047651886940002,0.503746747970581,0.5123136937618256,0.4991562008857727,0.5119945406913757,0.4993371307849884,0.5034274220466614,0.5044894218444824,0.4963536441326141
76051,0.4992741584777832,0.5054560780525208,0.5045815229415893,0.5043000459671021,0.5119775652885437,0.49911288022994993,0.5122229576110839,0.49945867657661436,0.5026900827884674,0.5042562127113343,0.4959368407726288
76052,0.498878139257431,0.5051828861236572,0.5048888981342315,0.5033234655857086,0.5123954832553863,0.4995106101036072,0.5119127213954926,0.4990355849266052,0.5035206973552704,0.5045880019664765,0.4965794265270233
76054,0.4990147531032562,0.5053615093231201,0.5048850059509278,0.5034865081310272,0.5123609185218811,0.49951012134552003,0.5118363261222839,0.49918035268783567,0.5033772826194763,0.5045067191123962,0.4964428722858429
76060,0.4989063322544098,0.5051361739635467,0.5048099458217621,0.5033773720264435,0.5124043643474578,0.49945604205131533,0.5118452966213226,0.4990326285362244,0.5034403264522552,0.5045871198177337,0.4965478599071503
76063,0.4991957306861877,0.5052334308624268,0.504746824502945,0.5037165343761444,0.5122380733489991,0.49928840398788454,0.5120626091957092,0.49922122359275817,0.503225463628769,0.504419469833374,0.49634450674057007
76092,0.49905890226364136,0.505360335111618,0.5047828137874604,0.5035768151283264,0.5123152256011962,0.499310564994812,0.5119867920875549,0.49931660294532776,0.5032288312911988,0.5044470310211182,0.49650619029998777
76102,0.49884706139564516,0.5050002753734588,0.5049461185932159,0.5034500539302826,0.5122613191604615,0.49965267777442934,0.5118754863739013,0.49891937971115113,0.5033569633960724,0.5046176910400391,0.4966046154499054
76107,0.4988724410533905,0.5051376700401307,0.5048590540885926,0.5034916520118713,0.5124446511268616,0.49947609901428225,0.5119733870029449,0.4991821587085724,0.5034669995307922,0.5045475006103516,0.49662598967552185
76109,0.4988468110561371,0.5051739454269409,0.5048463463783264,0.5035712063312531,0.5123322904109955,0.49940475821495056,0.5120277047157288,0.4992397606372833,0.503498888015747,0.5045109212398529,0.49654879570007326
76110,0.49897125363349915,0.5051775276660919,0.5048711478710175,0.5033695995807648,0.5123837351799011,0.49944743514060974,0.5119333744049073,0.49907136559486387,0.5033859968185425,0.5046276450157166,0.4964997351169586
76114,0.49899511933326723,0.5051268219947815,0.504729300737381,0.5035524785518646,0.5124872207641602,0.49947765469551086,0.5120396971702575,0.4989855468273163,0.5033618807792664,0.504664021730423,0.49674961566925047
76117,0.49895005226135253,0.5052673280239105,0.5048652768135071,0.503490287065506,0.512348598241806,0.49940394759178164,0.5118631005287171,0.499154132604599,0.5035059750080109,0.5045186400413513,0.496451324224472
76118,0.4989140689373016,0.5053388416767121,0.5048950672149658,0.5035494148731232,0.512451809644699,0.49941822290420534,0.5118341088294983,0.4991995930671692,0.5034272074699402,0.5045100688934326,0.49644054770469664
76119,0.4990332365036011,0.5052414953708648,0.5048365652561188,0.5034464955329895,0.5123733699321746,0.49945051670074464,0.5119360029697418,0.49917444586753845,0.5033851861953735,0.5045101940631866,0.4964548170566559
76120,0.4988847613334656,0.5051626682281494,0.5048758506774902,0.5034322261810302,0.5124097526073456,0.4995765030384064,0.5118554711341858,0.49898338317871094,0.5033914029598237,0.5046535789966583,0.4966304421424866
76129,0.49890024662017823,0.5050282299518585,0.5048396110534668,0.5033672869205474,0.5125460147857666,0.4995268642902374,0.5120137393474579,0.49888346791267396,0.5033522784709931,0.5047455549240112,0.49667027592658997
76131,0.49886595010757445,0.5053289592266083,0.5049148261547088,0.5034777522087097,0.512286514043808,0.4994496524333954,0.5118911266326904,0.4990402519702911,0.5034106254577637,0.5044944405555725,0.49655008912086485
76140,0.49908546805381776,0.5052194356918335,0.5047788262367249,0.5034160375595093,0.5123973846435547,0.49940683245658873,0.5120485723018646,0.499043333530426,0.5033849358558655,0.5046010851860047,0.4966237902641296
76148,0.4994539856910706,0.5062067866325378,0.5044095098972321,0.5057792603969574,0.5113110184669495,0.5000582754611969,0.5118828892707825,0.4992038309574127,0.5020139992237092,0.5037465214729309,0.4964501202106476
76164,0.49899640679359436,0.5050963640213013,0.5047252237796783,0.5033672690391541,0.5124085664749145,0.4994969964027405,0.5119506478309631,0.4990257501602173,0.5034448385238648,0.5046492755413056,0.496564918756485
76180,0.49903508424758913,0.505325847864151,0.5048960328102112,0.5037977993488312,0.5121765792369842,0.4992792963981628,0.5119771599769593,0.4993609607219696,0.5033805429935455,0.504401421546936,0.4964400351047516
76227,0.49901549220085145,0.5051359593868255,0.5047591865062714,0.5033712148666382,0.5124652624130249,0.49939449429512023,0.5119272410869599,0.49914789795875547,0.5033967018127441,0.5046082258224487,0.4965068280696869
76247,0.4988235056400299,0.5051224827766418,0.504760617017746,0.5033638119697571,0.5124327898025512,0.4995169103145599,0.5118921399116516,0.49904423356056216,0.5034736275672913,0.504641842842102,0.49656919240951536
76248,0.4990146040916443,0.5053041696548461,0.5047970592975617,0.5035038411617279,0.5123270392417908,0.4992811560630798,0.5119990110397339,0.4992609918117523,0.5033976614475251,0.5045322060585022,0.4965267300605774
76262,0.49895043969154357,0.5051365435123444,0.5047885596752166,0.5033850550651551,0.512419456243515,0.499419116973877,0.5120537102222442,0.49908732771873476,0.5035266757011414,0.504627388715744,0.49664628505706787
76365,0.49923678636550906,0.5053211808204651,0.504809558391571,0.5036737024784088,0.5121943771839141,0.49921348690986633,0.5120320498943329,0.4993144392967224,0.5030215084552765,0.5045122146606446,0.49640844464302064
76511,0.49890998005867004,0.5050061166286468,0.5047360479831695,0.5033892333507538,0.5123323857784271,0.4994747042655945,0.5120094180107116,0.4990097224712372,0.5034428536891937,0.5046559810638428,0.49660086035728457
76513,0.4989216387271881,0.5050527274608612,0.5048424243927002,0.5033979833126068,0.5124625504016876,0.4995637536048889,0.5120305895805359,0.499077296257019,0.50348060131073,0.5046545743942261,0.4965608775615692
76548,0.4990354835987091,0.5053724348545074,0.5048930466175079,0.5039031088352204,0.5121772229671478,0.4992599427700043,0.512043809890747,0.49940651655197144,0.5034006714820862,0.5042974650859833,0.4962960362434387
76559,0.49900742173194884,0.5051452100276947,0.5047186255455017,0.5034899592399598,0.5123177647590638,0.49943315982818604,0.5119526088237762,0.4990788698196411,0.5035020411014557,0.5045612931251526,0.49653826355934144
76574,0.49891788363456724,0.5050724506378174,0.504805988073349,0.5033275961875916,0.5124507009983063,0.499502557516098,0.5119567096233368,0.498958945274353,0.5034431040287017,0.5046940088272095,0.49665772914886475
77002,0.4989702880382538,0.5051117300987243,0.5047711849212646,0.5033956587314605,0.5123869776725769,0.49957315325737,0.5119131326675415,0.4989826440811157,0.5034253776073456,0.5046178519725799,0.49659018516540526
77004,0.4992117822170258,0.5050964653491974,0.5047430276870728,0.5034669697284698,0.5123998463153839,0.49939911961555483,0.5120941460132599,0.4991859316825867,0.5032039225101471,0.5047191202640533,0.4964513063430786
77005,0.4988534152507782,0.5052948296070099,0.504800146818161,0.5035886585712432,0.5123308062553406,0.4993855834007263,0.5119140326976777,0.4992383599281311,0.5033524930477142,0.504434597492218,0.49656341075897215
77006,0.4988912880420685,0.5051192462444305,0.5048006057739258,0.5033146500587463,0.5124176502227783,0.49955856800079346,0.5119530022144317,0.49895200729370115,0.5034600794315338,0.504690420627594,0.49667001366615293
77007,0.4989389359951019,0.5051467657089234,0.5049145758152008,0.5033413946628571,0.5123813152313232,0.49949198961257935,0.5118186593055725,0.49902437925338744,0.5034459710121155,0.5046129643917083,0.49653899669647217
77008,0.49917514324188234,0.5051971316337586,0.5046015918254853,0.503620159626007,0.512659740447998,0.499268102645874,0.5120640635490418,0.4992513954639435,0.5034621357917786,0.5046472549438477,0.4966339111328125
77009,0.49896774291992185,0.505107843875885,0.5047483265399932,0.5034154713153839,0.5124795198440552,0.49945406913757323,0.5119403779506684,0.49899224638938905,0.5033945262432098,0.5046839594841004,0.49660964012145997
77012,0.4989690899848938,0.5051531910896301,0.5048038005828858,0.5034057974815369,0.5125454545021058,0.4994879007339478,0.5119749665260315,0.4990504801273346,0.5034491062164307,0.5046315968036652,0.4966299653053284
77015,0.4990217983722687,0.5051615178585053,0.5047083139419556,0.5034462809562683,0.5124394714832305,0.4994558930397034,0.511968582868576,0.4990772604942322,0.5034758746623993,0.5046686053276062,0.4965084850788116
77017,0.4989467620849609,0.5050943255424499,0.5047322332859039,0.5033971011638642,0.5124578416347504,0.4995230734348297,0.5119109451770782,0.49897714853286745,0.503479254245758,0.5046660006046295,0.496620911359787
77018,0.4989873290061951,0.5051084160804749,0.5048870623111725,0.503315669298172,0.5124171018600464,0.4995462656021118,0.5119043171405793,0.49902952313423155,0.5034164547920227,0.5046272993087768,0.4965483069419861
77020,0.49899789690971375,0.5050790190696717,0.5048000395298005,0.5032304942607879,0.5125007450580596,0.49949832558631896,0.5119334816932678,0.49894059300422666,0.5035950481891632,0.5047034621238708,0.49655616879463194
77023,0.499077308177948,0.5052008390426636,0.5048009216785431,0.5034997820854187,0.5124065220355988,0.49940054416656493,0.5119379162788391,0.499086993932724,0.503496253490448,0.504618763923645,0.49653618335723876
77024,0.49906001091003416,0.5052153170108795,0.5047855317592621,0.5035110175609588,0.5124430954456329,0.4993385076522827,0.5120102405548096,0.49930567145347593,0.5033542454242707,0.5046103656291961,0.49653807282447815
77026,0.4989639699459076,0.5050847828388214,0.5047797977924346,0.5034057199954987,0.5123960554599762,0.49952160120010375,0.5119364321231842,0.4989764869213104,0.5033624708652497,0.5046698331832886,0.4967191994190216
77029,0.49885785579681396,0.5050711691379547,0.504827755689621,0.5034060537815094,0.512459534406662,0.4994614541530609,0.511926782131195,0.49908481240272523,0.5034534156322479,0.5045978307724,0.4966076672077179
77035,0.49890425205230715,0.5051943063735962,0.5048272907733917,0.5034046411514282,0.5124389886856079,0.4994711697101593,0.511903178691864,0.4990281820297241,0.5033631563186646,0.5046231508255005,0.49663448333740234
77042,0.49891953468322753,0.5051377534866333,0.5048383355140686,0.5034031927585602,0.5124221980571747,0.49943686127662656,0.5119171380996704,0.49901012182235716,0.5034793674945831,0.5046090066432953,0.4966306805610657
77045,0.4989428997039795,0.5050780713558197,0.504799485206604,0.5033328175544739,0.5124327301979065,0.4994878113269806,0.5119743585586548,0.49892973303794863,0.5034610211849213,0.5046681761741638,0.4966803789138794
77046,0.49886890053749083,0.5049896240234375,0.5047234117984771,0.5034038424491882,0.512341421842575,0.4995133697986603,0.5119644045829773,0.4989141285419464,0.5035508036613464,0.5046697854995728,0.49664442539215087
77047,0.4990154206752777,0.5050727427005768,0.5048590004444122,0.5033762633800507,0.5125111401081085,0.4994296133518219,0.5120446085929871,0.4990573525428772,0.5035250961780549,0.5046098828315735,0.49661277532577514
77049,0.4989700555801392,0.5050746858119964,0.5048207759857177,0.5033750414848328,0.5124847829341889,0.4994952917098999,0.5119052410125733,0.4990323543548584,0.5034403145313263,0.504630982875824,0.49658944010734557
77051,0.4989112615585327,0.5051307141780853,0.5048577129840851,0.5034422695636749,0.5123697936534881,0.49952295422554016,0.5119086444377899,0.4989986479282379,0.5034432232379913,0.5045812129974365,0.4965982913970947
77054,0.49898862838745117,0.5050917267799377,0.5048042118549347,0.5033989071846008,0.5124520719051361,0.4994502663612366,0.5119724929332733,0.4989861726760864,0.5035052418708801,0.5046485364437103,0.4965535759925842
77055,0.4990291714668274,0.5051357507705688,0.504828292131424,0.503350967168808,0.5125210762023926,0.4993716895580292,0.5117985665798187,0.49900469183921814,0.5033795654773712,0.504675668478012,0.49658241868019104
77057,0.49889317750930784,0.5051358342170715,0.5048215687274933,0.5033467233180999,0.5124405324459076,0.4994044482707977,0.5119090497493743,0.4990170121192932,0.5034127652645111,0.5046657204627991,0.49655467867851255
77058,0.4990469992160797,0.5051342785358429,0.5048232555389405,0.5033450782299042,0.5124595642089844,0.49946802854537964,0.5119549393653869,0.4990388572216034,0.5034837603569031,0.5045791864395142,0.4966001033782959
77060,0.4989363670349121,0.5051027357578277,0.5048149704933167,0.5032552599906921,0.512460458278656,0.49951237440109253,0.5119510948657989,0.4989547610282898,0.50327929854393,0.5046560406684876,0.4965661585330963
77063,0.4989880084991455,0.5050988316535949,0.504821527004242,0.5033806800842285,0.5124775350093842,0.4994354546070099,0.5119935631752014,0.4990696370601654,0.5035122215747834,0.5046075046062469,0.4966166615486145
77065,0.4991808533668518,0.505320531129837,0.5048808515071869,0.5036215543746948,0.5123665571212769,0.499200838804245,0.5119457185268402,0.4992315948009491,0.5034089267253876,0.5045988500118256,0.49643869400024415
77075,0.4989156126976013,0.5052304685115814,0.5047884404659271,0.5034367680549622,0.5124257802963257,0.49952361583709715,0.5119047999382019,0.49905950427055357,0.5034615576267243,0.5046151757240296,0.496565055847168
77076,0.4989025592803955,0.5052431344985961,0.504813152551651,0.503342992067337,0.5124248623847961,0.49941810965538025,0.5119042813777923,0.4990384876728058,0.5034651279449462,0.5045634627342224,0.49657100439071655
77080,0.4989781200885773,0.5051307260990143,0.504785281419754,0.5033629834651947,0.512458610534668,0.4995340406894684,0.5119960188865662,0.49906801581382754,0.5034975528717041,0.5045913338661194,0.49652804136276246
77083,0.4990032911300659,0.5053539633750915,0.5048134744167327,0.5034262478351593,0.5126832067966461,0.49938942193984986,0.5120118677616119,0.4992620527744293,0.5034429609775544,0.5044596910476684,0.49638251066207884
77086,0.4988883435726166,0.5050679445266724,0.5047543525695801,0.503371000289917,0.5124377846717835,0.4994608938694,0.5119982123374939,0.49905009269714357,0.5035177052021027,0.504651015996933,0.49668786525726316
77088,0.4989352822303772,0.5051620900630951,0.5048029005527497,0.5034329652786255,0.5124695658683777,0.49943600296974183,0.5119161605834961,0.49902756214141847,0.5033984959125519,0.5046306550502777,0.4966157615184784
77096,0.49884872436523436,0.5051885902881622,0.5048515260219574,0.5033799648284912,0.5123505175113678,0.49953938722610475,0.5118879497051239,0.49900588393211365,0.503492796421051,0.5045495212078095,0.4966018497943878
77205,0.4989213407039642,0.5051846861839294,0.5047715783119202,0.5034087836742401,0.5123483538627625,0.49936855435371397,0.5119609594345093,0.49908440113067626,0.5034460842609405,0.5046725153923035,0.4965530753135681
77303,0.4989364445209503,0.505118054151535,0.5048324346542359,0.5034158408641816,0.5123741745948791,0.4994362711906433,0.5119423687458038,0.49907655715942384,0.5034593164920806,0.5045471370220185,0.49649431705474856
77305,0.4990436494350433,0.5051346182823181,0.504729276895523,0.5033736050128936,0.5124068081378936,0.49948681592941285,0.5119718015193939,0.49902291893959044,0.5035586297512055,0.5046408593654632,0.49663052558898924
77318,0.4989977300167084,0.505125206708908,0.5048517227172852,0.5033478140830994,0.5124580442905426,0.49948511123657224,0.5119440495967865,0.4989689886569977,0.5033777356147766,0.5046208500862122,0.4965831995010376
77338,0.4990894556045532,0.5052736222743988,0.5048449873924256,0.503444504737854,0.5124114990234375,0.49925812482833865,0.5119006156921386,0.49923529028892516,0.5033850133419037,0.5044777452945709,0.4964889585971832
77339,0.4989233136177063,0.5051762759685516,0.5048457145690918,0.5034851849079132,0.5123214423656464,0.49945864677429197,0.5119909763336181,0.4991155505180359,0.5032779395580291,0.5045715987682342,0.4966005623340607
77346,0.49919416308403014,0.5054961204528808,0.5048060834407806,0.5038422763347625,0.512246286869049,0.4993326306343079,0.5119152426719665,0.4993176221847534,0.503197580575943,0.5043211936950683,0.4962095499038696
77365,0.4989547610282898,0.5053148388862609,0.5048304855823517,0.5036177098751068,0.5121870398521423,0.49951091408729553,0.5118689894676208,0.49899758100509645,0.5030902683734894,0.5044914722442627,0.4964867651462555
77373,0.4991398274898529,0.5052467405796051,0.5047884464263916,0.5038148939609528,0.5123511791229248,0.4992965519428253,0.5120473980903626,0.4992547154426575,0.5032267212867737,0.5045658349990845,0.4962465286254883
77385,0.4991347372531891,0.5053471386432647,0.5049301385879517,0.5033764779567719,0.5125822961330414,0.49949404001235964,0.51191526055336,0.49898298382759093,0.5033635973930359,0.5046340465545655,0.49649786949157715
77386,0.49897401332855223,0.5053155243396759,0.5049083232879639,0.5036531865596772,0.5123586356639862,0.49932472705841063,0.5119310259819031,0.49922850728034973,0.5033990263938903,0.5045154094696045,0.4963806927204132
77395,0.4990640878677368,0.5050964772701263,0.504707932472229,0.5034494221210479,0.5124776184558868,0.49939184784889223,0.5119926393032074,0.4990446329116821,0.5034173905849457,0.5046582996845246,0.49658483266830444
77401,0.49883186221122744,0.5051769316196442,0.5048985302448272,0.5035305202007294,0.512369167804718,0.4993704080581665,0.5119488775730133,0.49923464059829714,0.5034260153770447,0.5044686913490295,0.4965518772602081
77407,0.4989184677600861,0.5052923202514649,0.5048692226409912,0.5035380780696869,0.5123514473438263,0.49946016669273374,0.5118696093559265,0.4990982413291931,0.5032390296459198,0.504429966211319,0.4965807020664215
77477,0.4990314543247223,0.5051449358463287,0.504810893535614,0.5034085214138031,0.5124370455741882,0.4994711518287659,0.5119590044021607,0.49916518926620485,0.5033503711223603,0.5046465992927551,0.49642573595046996
77478,0.49914960861206054,0.5052185654640198,0.5046658158302307,0.5035844147205353,0.512568986415863,0.49944345355033876,0.511880612373352,0.4992454946041107,0.5030386745929718,0.5048208177089691,0.496425598859787
77494,0.4989936351776123,0.505261242389679,0.5049041390419007,0.5036005496978759,0.5123809933662414,0.49934143424034116,0.5119581520557404,0.4991407930850983,0.5033824503421783,0.5045932054519653,0.49649783968925476
77518,0.49890860319137575,0.5051313281059265,0.5047192811965943,0.5033289968967438,0.5124101638793945,0.4994566202163696,0.5119703531265258,0.49908177852630614,0.5034892380237579,0.5046063482761383,0.49655120968818667
77530,0.49893341064453123,0.5052762389183044,0.5049017667770386,0.5033988177776336,0.512417608499527,0.49946045875549316,0.5119059085845947,0.49913603663444517,0.5035001635551453,0.5046134412288665,0.49657244682312013
77536,0.4990349054336548,0.5051378905773163,0.504767769575119,0.5034355580806732,0.5124494910240174,0.49940999150276183,0.5120358169078827,0.49895088076591493,0.5033787846565246,0.5046504318714142,0.49651884436607363
77539,0.4988976538181305,0.5052285194396973,0.5048804521560669,0.5033834040164947,0.5124042809009552,0.49952601790428164,0.511876791715622,0.49902074337005614,0.5033674776554108,0.504607230424881,0.4965842068195343
77545,0.4988544285297394,0.5051689803600311,0.5048243880271912,0.5034206509590149,0.5123941123485565,0.4994695246219635,0.5118771195411682,0.4991316139698029,0.5034482777118683,0.50457284450531,0.4965369462966919
77546,0.49893404841423034,0.5050828933715821,0.5048413276672363,0.5033114790916443,0.5124228179454804,0.49950613975524905,0.5119270384311676,0.49901276230812075,0.5033531665802002,0.5047281920909882,0.49663041830062865
77547,0.4989604115486145,0.5050434112548828,0.5048192262649536,0.5032861232757568,0.5124553859233856,0.49948577880859374,0.5119301617145539,0.4989927291870117,0.5033775389194488,0.5046173214912415,0.49654422998428344
77562,0.4989892303943634,0.5052578091621399,0.5049003779888153,0.5033571302890778,0.5123904526233674,0.4994867265224457,0.5119105458259583,0.4989328145980835,0.5033919990062714,0.5046219944953918,0.4965939223766327
77563,0.4990146577358246,0.5051124632358551,0.5048431754112244,0.5032940983772278,0.512458449602127,0.49954782128334047,0.5119311034679412,0.4989331543445587,0.5034560441970826,0.5046430170536041,0.49662075042724607
77565,0.49903178215026855,0.5050593674182892,0.504747724533081,0.5033834040164947,0.512434184551239,0.4995211124420166,0.5119837999343873,0.49901250600814817,0.5034912526607513,0.5046593070030212,0.4965841233730316
77568,0.49879555106163026,0.5052887558937073,0.5049550533294678,0.5034152448177338,0.5122804939746857,0.4995747745037079,0.5117962777614593,0.4989329993724823,0.5033285200595856,0.5045930743217468,0.4966868460178375
77571,0.4992890179157257,0.5052202582359314,0.5047158837318421,0.5033859550952912,0.5125012040138245,0.499373197555542,0.5120659351348877,0.49904502034187315,0.5030436873435974,0.5047161221504212,0.4965626120567322
77578,0.49899023175239565,0.5053061425685883,0.5049000978469849,0.5034593164920806,0.5123472332954406,0.49950886964797975,0.5118875205516815,0.49905833005905154,0.5033014178276062,0.5045920968055725,0.4964931607246399
77580,0.4988975882530212,0.5051800787448884,0.5048786580562592,0.50349001288414,0.5123889207839966,0.4994083881378174,0.5119384407997132,0.4991843342781067,0.5035467505455017,0.5045584380626679,0.49655900001525877
77581,0.4990620493888855,0.5051483392715455,0.5048759996891021,0.5034504652023315,0.5125492513179779,0.4994447886943817,0.5119807600975037,0.49906409382820127,0.5034331321716309,0.5047585368156433,0.4967061340808868
77586,0.49904510378837585,0.5051290094852448,0.504885470867157,0.5034286379814148,0.5123987436294556,0.4994773864746094,0.5119848310947418,0.4992055416107178,0.5034556686878204,0.5045724749565125,0.4965398907661438
77587,0.49892019629478457,0.505260455608368,0.5049119710922241,0.5034538686275483,0.5123216390609742,0.49951144456863406,0.5117956876754761,0.49904786348342894,0.5034847855567932,0.5045437693595887,0.4964762330055237
77591,0.49952364563941953,0.5055425763130188,0.5049860775470734,0.5033786118030548,0.5123499691486358,0.4994668662548065,0.51173335313797,0.4991813898086548,0.5031492710113525,0.5047577321529388,0.4965329647064209
77598,0.4989541947841644,0.5050642549991607,0.5047889471054077,0.5033638894557952,0.5124680876731873,0.49943822622299194,0.5119517207145691,0.4990460157394409,0.5034670948982238,0.504575663805008,0.4964880347251892
77611,0.49918111562728884,0.5053500831127167,0.5049195528030396,0.5036135077476501,0.5123843431472779,0.49934910535812377,0.5119790673255921,0.4991074502468109,0.5032042920589447,0.5045944511890411,0.4965417325496674
77619,0.4988699615001678,0.5051148414611817,0.5047707676887512,0.5033291637897491,0.5123914301395416,0.4994268000125885,0.5119971215724946,0.4990928411483765,0.5035550177097321,0.5046219825744629,0.496618914604187
77627,0.49895491600036623,0.5053690254688263,0.5049547910690307,0.5034553706645966,0.5123777091503143,0.4994750201702118,0.5118023037910462,0.49910578727722166,0.5034051597118377,0.504539531469345,0.4965039253234863
77630,0.4991001069545746,0.5051515519618988,0.5048496901988984,0.503410130739212,0.51254323720932,0.49939056038856505,0.5118952929973603,0.4990901410579681,0.5035796284675598,0.5046263635158539,0.4965627372264862
77632,0.4990633070468903,0.5052468717098236,0.5048012554645538,0.5035474717617034,0.5123467564582824,0.4993821382522583,0.5119425415992737,0.49916599988937377,0.5034303605556488,0.5045225203037262,0.4965125143527985
77651,0.49887080788612365,0.5051429331302643,0.504723745584488,0.5034830629825592,0.5123682379722595,0.4994693696498871,0.5120140314102173,0.4992223739624023,0.5032654702663422,0.5045440852642059,0.49663185477256777
77662,0.49894448518753054,0.5052072823047637,0.5048399269580841,0.5034589171409607,0.5123990178108215,0.49952300190925597,0.5119058310985565,0.4990551233291626,0.5034499585628509,0.5045590043067932,0.4965431272983551
78009,0.4990945100784302,0.5052546620368957,0.5047853112220764,0.5035075724124909,0.5124013483524322,0.49944106340408323,0.5118875980377198,0.499206006526947,0.5034972786903381,0.504465115070343,0.49656819701194765
78023,0.4993729293346405,0.505243456363678,0.5048378050327301,0.503884208202362,0.5123579859733581,0.4987116813659668,0.5122376799583435,0.49952755570411683,0.5032822072505951,0.504623430967331,0.4960287034511566
78108,0.4989237129688263,0.5051892518997192,0.5047220587730408,0.5035007715225219,0.5123736381530761,0.4994404435157776,0.5119670510292054,0.4991439700126648,0.503368330001831,0.5045056164264679,0.4964996576309204
78109,0.4989928603172302,0.5052127003669739,0.5048432409763336,0.5034272372722626,0.5124282836914062,0.4994169116020203,0.5119237184524537,0.49905739426612855,0.5035557329654694,0.504602175951004,0.4964919090270996
78124,0.4988523781299591,0.5050967991352081,0.5047942876815796,0.5033847510814666,0.5123359143733979,0.4994120240211487,0.5119854509830475,0.49909828305244447,0.5034524500370026,0.5045377731323242,0.4965889871120453
78130,0.4989652156829834,0.5050820767879486,0.5048556685447693,0.5032842814922333,0.5124592304229736,0.4995270907878876,0.5119367659091949,0.49893646240234374,0.5034135103225708,0.5047228693962097,0.4965217292308807
78148,0.498966771364212,0.5052311062812805,0.5048944175243377,0.5033830106258392,0.5124544024467468,0.49946311116218567,0.5119260847568512,0.4989830493927002,0.503354400396347,0.504646110534668,0.4966503381729126
78154,0.49895429611206055,0.5055615663528442,0.5045954704284668,0.5037515878677368,0.5121360540390014,0.4992067277431488,0.5119003236293793,0.49918124079704285,0.5033343613147736,0.5041956067085266,0.49638025760650634
78205,0.49899081587791444,0.5051309406757355,0.5048448085784912,0.5033719897270202,0.5124568283557892,0.4994033634662628,0.5120173513889312,0.49914000630378724,0.5033205807209015,0.5045559287071228,0.4965421497821808
78209,0.4988799452781677,0.505055969953537,0.5048530459403991,0.5034292042255402,0.5125123858451843,0.4995089590549469,0.5119794845581055,0.49905582070350646,0.5033978044986724,0.5046143531799316,0.4966953694820404
78210,0.49896034598350525,0.5051038861274719,0.5049043655395508,0.5033888220787048,0.5124817728996277,0.49949136972427366,0.5119791328907013,0.49900814294815066,0.5035685002803802,0.5046632885932922,0.49663934111595154
78212,0.4989816308021545,0.5050881803035736,0.50486518740654,0.5032792866230011,0.5124319672584534,0.49953130483627317,0.5119406580924988,0.49891204237937925,0.5035171270370483,0.504681122303009,0.49660472869873046
78213,0.49924426078796386,0.5052498519420624,0.5047287464141845,0.5035639882087708,0.5125305891036988,0.49947710037231446,0.5119475603103638,0.4991280257701874,0.5030209124088287,0.5047042787075042,0.49658926129341124
78219,0.4991331219673157,0.5052175998687745,0.5049253880977631,0.5032996416091919,0.5125322580337525,0.4995130479335785,0.5119745254516601,0.49893916249275205,0.5035114467144013,0.504776018857956,0.4966647267341614
78227,0.49899145364761355,0.5049817323684692,0.5046951293945312,0.5033386826515198,0.5124603569507599,0.49946742653846743,0.5119845807552338,0.49899970293045043,0.5034333050251008,0.5046764612197876,0.49660042524337766
78229,0.4992957651615143,0.5053232491016388,0.5046655893325805,0.5035805106163025,0.5127309858798981,0.499255496263504,0.5121620416641235,0.4993196129798889,0.5033242404460907,0.5047310352325439,0.4966314911842346
78231,0.498893666267395,0.5052677631378174,0.5048290252685547,0.5032830655574798,0.5124175786972046,0.49950590133666994,0.5119247913360596,0.4990504026412964,0.5034122169017792,0.504537159204483,0.49656814336776733
78232,0.4992848515510559,0.505186927318573,0.5047351777553558,0.5034201979637146,0.5125835239887238,0.49964427947998047,0.5119629502296448,0.49911479353904725,0.5029715836048126,0.5047936320304871,0.496450799703598
78233,0.49900421500205994,0.5051721632480621,0.5048562586307526,0.5033614039421082,0.5124800443649292,0.4994634687900543,0.5119726181030273,0.49905052185058596,0.5034948945045471,0.5046333491802215,0.4966008007526398
78238,0.49925470948219297,0.5052481651306152,0.5047833621501923,0.5035102486610412,0.5124015510082245,0.4993803322315216,0.5120448529720306,0.4992764115333557,0.5033140540122986,0.5046810626983642,0.4964358866214752
78239,0.49894818663597107,0.505159330368042,0.5048368096351623,0.5034100651741028,0.5123664617538453,0.4994157612323761,0.511998325586319,0.49904383420944215,0.503371924161911,0.5045962870121002,0.4965819478034973
78242,0.4990543007850647,0.5051567316055298,0.5048023164272308,0.5034551084041595,0.5124828934669494,0.49940240383148193,0.5119745314121247,0.49906200766563413,0.5034315884113312,0.5046820759773254,0.4966183304786682
78245,0.4994343340396881,0.5052386701107026,0.504816347360611,0.5035988628864289,0.5122297585010529,0.4991312801837921,0.5120515704154969,0.4993991255760193,0.5033190429210663,0.5044793307781219,0.4966548204421997
78250,0.4989555060863495,0.5051225602626801,0.5048018515110015,0.5033139169216156,0.5124383509159088,0.4994894802570343,0.5118927478790283,0.49893919825553895,0.5035282135009765,0.5046695590019226,0.4965660750865936
78251,0.49933252334594724,0.504882150888443,0.504856163263321,0.5036151051521301,0.5123674631118774,0.49946115016937254,0.5117549479007721,0.4990526556968689,0.5032468020915986,0.5048430979251861,0.4962166309356689
78266,0.498914498090744,0.5051929652690887,0.5048584461212158,0.5033860027790069,0.5123771131038666,0.4995242118835449,0.5118966937065125,0.49901984333992006,0.5032692670822143,0.5045925080776215,0.49661989212036134
78380,0.49903045892715453,0.5051273763179779,0.5048466205596924,0.5033982336521149,0.5124699115753174,0.49954348206520083,0.5119325697422028,0.49889429211616515,0.5033841729164124,0.5047143459320068,0.4966976821422577
78504,0.4989366054534912,0.505169665813446,0.50485600233078,0.5034193754196167,0.5123722672462463,0.49950379729270933,0.5119168996810913,0.4990042448043823,0.5034881591796875,0.5045764803886413,0.4965813159942627
78526,0.4989104986190796,0.5051236987113953,0.5047934770584106,0.5034587442874908,0.5125521123409271,0.499482786655426,0.5118852138519288,0.49913389682769777,0.5033635079860688,0.5045995533466339,0.49654577374458314
78560,0.4987991988658905,0.5051713407039642,0.5049085557460785,0.503376579284668,0.5123780190944671,0.4994781017303467,0.5118683576583862,0.4991292476654053,0.5035007774829865,0.5044694006443023,0.4965145468711853
78566,0.4993416965007782,0.5050493538379669,0.5047375321388244,0.503409332036972,0.51253702044487,0.4991846442222595,0.5120755851268768,0.49928553104400636,0.5034270226955414,0.5046545207500458,0.49654046893119813
78571,0.49896013736724854,0.5051115095615387,0.5048744082450867,0.5033375442028045,0.5124264478683471,0.49953839778900144,0.5119834840297699,0.4990321516990662,0.5035575747489929,0.5046427488327027,0.49671541452407836
78572,0.49915993213653564,0.5054072141647339,0.504843944311142,0.5035534083843232,0.5123254776000976,0.4994588077068329,0.5118716716766357,0.49906252026557923,0.5031464517116546,0.5045251548290253,0.4966170847415924
78576,0.4990058124065399,0.5050309002399445,0.5047329425811767,0.5033843696117402,0.5124828100204468,0.4994071900844574,0.5119732797145844,0.4989719271659851,0.5034895181655884,0.50469810962677,0.4966075301170349
78577,0.49904338717460633,0.5051171839237213,0.5047252476215363,0.5035269737243653,0.5124539911746979,0.4994767367839813,0.5119457483291626,0.499054092168808,0.5031664788722991,0.5047177135944366,0.496627676486969
78586,0.4990025877952576,0.5052009999752045,0.504909211397171,0.5034273803234101,0.5123967587947845,0.499448174238205,0.5119713068008422,0.49908756017684935,0.5032367050647736,0.504548966884613,0.4966157376766205
78589,0.49891531467437744,0.5051054894924164,0.5047961831092834,0.5033303201198578,0.5124107897281647,0.4994394540786743,0.5119333028793335,0.49902015924453735,0.5034199297428131,0.5046420276165009,0.49659823775291445
78628,0.4989944636821747,0.5051671624183655,0.5048482358455658,0.503375095129013,0.5125284731388092,0.4994614362716675,0.5119848668575286,0.4991212785243988,0.5034691452980041,0.5046304821968078,0.4965254545211792
78629,0.49936109185218813,0.5056390166282654,0.5053436875343322,0.5041900098323822,0.5120804488658905,0.4987816274166107,0.5116851985454559,0.5001168012619018,0.5028482139110565,0.5037749767303467,0.4965776324272156
78634,0.498940908908844,0.5052139163017273,0.5048068404197693,0.503346961736679,0.5123770534992218,0.499476557970047,0.5119016170501709,0.499033921957016,0.5034822642803192,0.5045874238014221,0.4964628279209137
78653,0.4989370465278625,0.5052819013595581,0.5049250781536102,0.503416758775711,0.5123338043689728,0.49947783946990965,0.5118613421916962,0.49900429248809813,0.5033568680286408,0.5045320808887481,0.4966360032558441
78660,0.4989531338214874,0.5053543150424957,0.5048383593559265,0.5035519540309906,0.5122061550617218,0.4993074297904968,0.5118856251239776,0.49925661087036133,0.5033718049526215,0.5042934596538544,0.4962634563446045
78664,0.49910448789596557,0.5053853452205658,0.504878145456314,0.5037773072719574,0.5122181177139282,0.49939222931861876,0.5119457364082336,0.4991272151470184,0.5033253073692322,0.5044564247131348,0.49641441106796264
78666,0.4992344737052917,0.5052330255508423,0.5047719061374665,0.5036224007606507,0.5122574865818024,0.4991773009300232,0.5119905829429626,0.49948990941047666,0.5032775282859803,0.5044277846813202,0.4962169051170349
78701,0.49910109043121337,0.5053947925567627,0.5048511803150177,0.5041638195514679,0.5120892882347107,0.49949002265930176,0.5119596242904663,0.4992288172245026,0.5031773984432221,0.5044254124164581,0.49651899933815
78702,0.4989413321018219,0.5051070809364319,0.504844480752945,0.503393143415451,0.5124668717384339,0.4995229661464691,0.511937940120697,0.49886786937713623,0.5034327566623688,0.5046868085861206,0.49663329124450684
78704,0.49897793531417844,0.5051945328712464,0.5049312710762024,0.5035395443439483,0.5124198436737061,0.4994392037391663,0.5117672681808472,0.49909273386001585,0.5034096240997314,0.5046160876750946,0.4966016232967377
78705,0.49922081232070925,0.5051744163036347,0.5046891629695892,0.5035100877285004,0.5125167965888977,0.4996335208415985,0.5119935154914856,0.49909557700157164,0.5030309677124023,0.5047308564186096,0.49652143716812136
78712,0.49917771220207213,0.5050551056861877,0.5047610104084015,0.5035847365856171,0.5125412166118621,0.4994900107383728,0.5119568169116974,0.49914904236793517,0.5031161785125733,0.5047099769115448,0.49655351638793943
78722,0.49892832040786744,0.5051579952239991,0.5048959910869598,0.5033296823501587,0.5124764978885651,0.49957059025764466,0.5118772864341736,0.49893527030944823,0.5034132719039917,0.5046808242797851,0.49655686020851136
78723,0.4988821804523468,0.5050758242607116,0.5048921942710877,0.5032763600349426,0.5124546945095062,0.4995560646057129,0.5119023561477661,0.4989534497261047,0.5034099400043488,0.504659914970398,0.49662410020828246
78725,0.498929488658905,0.5052499234676361,0.5049176275730133,0.5033953249454498,0.5122881770133972,0.49947038292884827,0.5118935525417327,0.49898785948753355,0.5034498810768128,0.5045970678329468,0.49665889143943787
78728,0.4989681541919708,0.5052574574947357,0.5049220740795135,0.5033678233623504,0.5123046338558197,0.49946027994155884,0.5118937015533447,0.4990004777908325,0.5034197747707367,0.5044875979423523,0.49658442139625547
78729,0.49879550337791445,0.5052720904350281,0.5048873662948609,0.5034335136413575,0.5123280584812164,0.4994343936443329,0.5118739545345307,0.4991223931312561,0.5032918572425842,0.5044656097888947,0.49659005403518675
78745,0.49888267517089846,0.5051178693771362,0.5048142969608307,0.5033066630363464,0.5124160647392273,0.49953453540802,0.5119195520877838,0.4990571975708008,0.5034002363681793,0.5045974552631378,0.4966200768947601
78751,0.49893384575843813,0.5052185595035553,0.5049716830253601,0.5033326864242553,0.5123387515544892,0.49954240322113036,0.5118174195289612,0.4989775359630585,0.5032841086387634,0.5045481026172638,0.4966201424598694
78752,0.49884806871414183,0.5051412999629974,0.504741907119751,0.5034600019454956,0.5124161541461945,0.4994438052177429,0.5119191169738769,0.4990026891231537,0.5035268306732178,0.5046514213085175,0.4966383159160614
78759,0.4990427136421204,0.5051072061061859,0.5047885179519653,0.5032956898212433,0.5124854624271393,0.49951237440109253,0.5120409011840821,0.49895564913749696,0.5035199463367462,0.5046847581863403,0.49666107892990113
78781,0.49905107617378236,0.505222374200821,0.5047735512256623,0.503612732887268,0.5122146904468536,0.4994441568851471,0.5119272232055664,0.4991828203201294,0.5031194090843201,0.504444932937622,0.49647406339645384
79835,0.4989272952079773,0.5050404608249665,0.5047088265419006,0.5034217715263367,0.5125155687332154,0.499516087770462,0.5119757056236267,0.4989427447319031,0.503362101316452,0.5047416269779206,0.4966603875160217
79901,0.499045205116272,0.5051885306835174,0.5047891855239868,0.5033322930335998,0.5124748229980469,0.4995293080806732,0.5119383573532105,0.4990254819393158,0.5033631742000579,0.504692655801773,0.4965979516506195
79902,0.49890010356903075,0.5052069246768951,0.5048032343387604,0.5034259974956512,0.5124120116233826,0.49951987266540526,0.5119631052017212,0.49905065894126893,0.503445154428482,0.504625803232193,0.4967110574245453
79906,0.49895156025886533,0.5051366925239563,0.504793518781662,0.5034857749938965,0.5123747944831848,0.49944276213645933,0.511918979883194,0.49908284544944764,0.5034976184368134,0.5046019136905671,0.4965630531311035
79915,0.49890395998954773,0.5050792574882508,0.5048573851585388,0.5034439504146576,0.5124211430549621,0.4994428753852844,0.5119574725627899,0.4989715278148651,0.5033563613891602,0.5046236157417298,0.4967214286327362
79924,0.49892972111701966,0.5051479816436768,0.5048065662384034,0.5034312307834625,0.5123937249183654,0.499448162317276,0.5120195209980011,0.49918023943901063,0.5034589648246766,0.5045733094215393,0.49665709137916564
87300,0.4990028619766235,0.5051729798316955,0.5048569798469543,0.5033159554004669,0.5125372350215912,0.49946234822273256,0.5118846237659455,0.49901638031005857,0.5034434914588928,0.5046715497970581,0.49659069180488585
87350,0.49901423454284666,0.5049796879291535,0.5047237873077393,0.5034157514572144,0.5125107645988465,0.49950796365737915,0.512008661031723,0.49903146028518675,0.5032560408115387,0.5047389030456543,0.49661150574684143
87351,0.4991635620594025,0.5051086843013763,0.5047345757484436,0.5034935116767884,0.5125151097774505,0.4995051741600037,0.5119853734970092,0.4989797055721283,0.5034501552581787,0.5046801388263702,0.4965884625911713
87410,0.4989580035209656,0.5050193071365356,0.5047741293907165,0.503343540430069,0.5125315368175507,0.4995515882968903,0.5119369506835938,0.4989729344844818,0.503366231918335,0.5046443521976471,0.49656655788421633
87507,0.4989787995815277,0.5050653040409088,0.5048346877098083,0.5033054113388061,0.5124811649322509,0.49948765635490416,0.5119901657104492,0.49899052977561953,0.5034627735614776,0.5046880424022675,0.4966635823249817
